voter_id,name,election,vote_date
7002115,Michael Johnson,2026 May General,2026-05-06
7002116,Jennifer Lee,2026 May General,2026-05-04
7006216,Yuki Martinez,2026 May General,2026-05-04
7002123,Jose Khan,2026 May General,2026-05-05
7006220,Jennifer Davis,2026 May General,2026-05-06
7000076,Patricia Hernandez,2026 May General,2026-05-04
7004175,Wei Garcia,2026 May General,2026-05-06
7006223,Elizabeth Hernandez,2026 May General,2026-05-05
7002129,David Lee,2026 May General,2026-05-04
7002133,Patricia Ali,2026 May General,2026-05-06
7002134,Liam Garcia,2026 May General,2026-05-05
7008279,Maria Thomas,2026 May General,2026-05-05
7004184,Elizabeth Martinez,2026 May General,2026-05-05
7008281,Patricia Thomas,2026 May General,2026-05-06
7002140,Linda Cohen,2026 May General,2026-05-06
7006242,Maria Rossi,2026 May General,2026-05-06
7004195,Kofi Park,2026 May General,2026-05-06
7000103,Carlos Park,2026 May General,2026-05-06
7002156,Raj Thomas,2026 May General,2026-05-06
7002158,Jennifer Anderson,2026 May General,2026-05-04
7000111,John Rossi,2026 May General,2026-05-05
7000112,James Mensah,2026 May General,2026-05-05
7004206,Mateo Ali,2026 May General,2026-05-04
7006258,Linda Singh,2026 May General,2026-05-05
7000124,Noah Garcia,2026 May General,2026-05-06
7004221,Sofia Mensah,2026 May General,2026-05-04
7002174,Emma Rodriguez,2026 May General,2026-05-04
7006272,Emma Davis,2026 May General,2026-05-06
7000129,Aisha Wang,2026 May General,2026-05-04
7006276,Yuki Mensah,2026 May General,2026-05-06
7000134,Yuki Okafor,2026 May General,2026-05-06
7000137,Patricia Patel,2026 May General,2026-05-05
7006290,Elizabeth Mensah,2026 May General,2026-05-05
7004244,Mary Okafor,2026 May General,2026-05-05
7000149,Hana Patel,2026 May General,2026-05-06
7008342,Linda Smith,2026 May General,2026-05-05
7000153,Mei Garcia,2026 May General,2026-05-04
7006298,David Martinez,2026 May General,2026-05-04
7008349,Jose Davis,2026 May General,2026-05-05
7002206,Aisha Hernandez,2026 May General,2026-05-06
7000159,Jennifer Okafor,2026 May General,2026-05-04
7006304,Elizabeth Nguyen,2026 May General,2026-05-05
7006305,Linda Davis,2026 May General,2026-05-04
7004258,David Smith,2026 May General,2026-05-04
7004257,Mei Johnson,2026 May General,2026-05-04
7002211,Mateo Mensah,2026 May General,2026-05-04
7008356,David Okafor,2026 May General,2026-05-05
7004262,Linda Anderson,2026 May General,2026-05-06
7000166,Jennifer Martinez,2026 May General,2026-05-06
7006308,James Anderson,2026 May General,2026-05-04
7002212,Elizabeth Johnson,2026 May General,2026-05-06
7002210,Carlos Ali,2026 May General,2026-05-05
7000163,Jennifer Park,2026 May General,2026-05-05
7000167,Jennifer Patel,2026 May General,2026-05-06
7002219,Ama Garcia,2026 May General,2026-05-06
7006318,Hana Ali,2026 May General,2026-05-06
7002223,Ama Nguyen,2026 May General,2026-05-05
7006321,Fatima Park,2026 May General,2026-05-04
7008371,David Martinez,2026 May General,2026-05-05
7008373,Sofia Garcia,2026 May General,2026-05-04
7000184,Patricia Hernandez,2026 May General,2026-05-05
7006329,David Davis,2026 May General,2026-05-04
7000188,Aisha Anderson,2026 May General,2026-05-05
7004285,Noah Garcia,2026 May General,2026-05-06
7006339,Ama Johnson,2026 May General,2026-05-04
7000198,Ama Park,2026 May General,2026-05-06
7008390,James Okafor,2026 May General,2026-05-05
7002248,Aisha Singh,2026 May General,2026-05-05
7004298,David Garcia,2026 May General,2026-05-06
7006347,Linda Wilson,2026 May General,2026-05-06
7008396,Fatima Nguyen,2026 May General,2026-05-05
7008397,Priya Martinez,2026 May General,2026-05-06
7002254,Ama Garcia,2026 May General,2026-05-06
7008399,Fatima Rodriguez,2026 May General,2026-05-06
7000208,Fatima Okafor,2026 May General,2026-05-04
7002255,Jennifer Khan,2026 May General,2026-05-04
7004305,Noah Smith,2026 May General,2026-05-06
7002256,Aisha Wilson,2026 May General,2026-05-06
7002260,David Garcia,2026 May General,2026-05-05
7004309,Fatima Garcia,2026 May General,2026-05-06
7000214,Wei Thomas,2026 May General,2026-05-05
7002263,Michael Lee,2026 May General,2026-05-06
7000220,Elizabeth Singh,2026 May General,2026-05-05
7006365,Linda Wang,2026 May General,2026-05-04
7004318,Emma Rodriguez,2026 May General,2026-05-05
7006367,Robert Ali,2026 May General,2026-05-04
7006368,Emma Johnson,2026 May General,2026-05-04
7008418,Emma Rossi,2026 May General,2026-05-05
7006372,David Singh,2026 May General,2026-05-04
7002278,David Rodriguez,2026 May General,2026-05-04
7004328,Yuki Rossi,2026 May General,2026-05-04
7000235,Hana Anderson,2026 May General,2026-05-05
7006379,Maria Singh,2026 May General,2026-05-06
7008429,Hana Davis,2026 May General,2026-05-04
7006382,Omar Thomas,2026 May General,2026-05-05
7008432,Olivia Davis,2026 May General,2026-05-06
7000242,Kofi Davis,2026 May General,2026-05-04
7006388,Aisha Wang,2026 May General,2026-05-04
7004340,Mei Wilson,2026 May General,2026-05-04
7004348,Elizabeth Mensah,2026 May General,2026-05-04
7008444,Carlos Martinez,2026 May General,2026-05-05
7008446,Elizabeth Khan,2026 May General,2026-05-05
7008447,Wei Cohen,2026 May General,2026-05-06
7006399,Emma Smith,2026 May General,2026-05-06
7002302,John Wilson,2026 May General,2026-05-06
7002306,Mateo Nguyen,2026 May General,2026-05-05
7006403,Elizabeth Smith,2026 May General,2026-05-04
7002308,Patricia Khan,2026 May General,2026-05-04
7000260,Jennifer Wang,2026 May General,2026-05-06
7002310,Michael Anderson,2026 May General,2026-05-06
7006409,Elizabeth Wang,2026 May General,2026-05-05
7004363,Priya Patel,2026 May General,2026-05-04
7000268,Yuki Wang,2026 May General,2026-05-06
7000269,James Ali,2026 May General,2026-05-06
7004364,Hana Park,2026 May General,2026-05-04
7006416,Kofi Khan,2026 May General,2026-05-06
7006418,Robert Patel,2026 May General,2026-05-06
7008466,Maria Hernandez,2026 May General,2026-05-04
7004372,Ama Wang,2026 May General,2026-05-04
7002325,David Johnson,2026 May General,2026-05-06
7000279,Fatima Ali,2026 May General,2026-05-05
7006425,Noah Davis,2026 May General,2026-05-05
7002330,Patricia Singh,2026 May General,2026-05-04
7002329,Jose Wang,2026 May General,2026-05-04
7008476,Fatima Smith,2026 May General,2026-05-06
7002331,Sofia Lee,2026 May General,2026-05-05
7000287,James Wang,2026 May General,2026-05-04
7004385,Michael Johnson,2026 May General,2026-05-06
7000290,Linda Johnson,2026 May General,2026-05-04
7006434,Raj Anderson,2026 May General,2026-05-06
7006440,Wei Hernandez,2026 May General,2026-05-05
7000297,Maria Ali,2026 May General,2026-05-06
7002348,Michael Hernandez,2026 May General,2026-05-05
7008497,Yuki Wang,2026 May General,2026-05-06
7002355,Emma Patel,2026 May General,2026-05-06
7006452,Yuki Rodriguez,2026 May General,2026-05-05
7008502,Mei Thomas,2026 May General,2026-05-05
7006456,Yuki Mensah,2026 May General,2026-05-04
7000312,Liam Rossi,2026 May General,2026-05-06
7002363,Michael Anderson,2026 May General,2026-05-05
7008512,Mateo Smith,2026 May General,2026-05-04
7002369,Mei Lee,2026 May General,2026-05-04
7000320,Patricia Ali,2026 May General,2026-05-06
7006469,Jennifer Khan,2026 May General,2026-05-05
7004421,Maria Brown,2026 May General,2026-05-06
7000327,Noah Patel,2026 May General,2026-05-04
7002375,James Brown,2026 May General,2026-05-05
7002379,Elizabeth Davis,2026 May General,2026-05-06
7006478,Priya Okafor,2026 May General,2026-05-05
7004431,Priya Smith,2026 May General,2026-05-05
7008527,John Mensah,2026 May General,2026-05-04
7004436,Sofia Wilson,2026 May General,2026-05-05
7000341,Emma Mensah,2026 May General,2026-05-06
7004439,Linda Anderson,2026 May General,2026-05-06
7006488,Raj Park,2026 May General,2026-05-06
7000344,James Thomas,2026 May General,2026-05-06
7000350,Patricia Patel,2026 May General,2026-05-06
7002399,Michael Garcia,2026 May General,2026-05-06
7006496,Olivia Rodriguez,2026 May General,2026-05-04
7008545,Robert Park,2026 May General,2026-05-04
7000353,Elizabeth Ali,2026 May General,2026-05-05
7004451,Yuki Thomas,2026 May General,2026-05-05
7002404,Hana Thomas,2026 May General,2026-05-04
7002405,Priya Smith,2026 May General,2026-05-06
7004446,Patricia Patel,2026 May General,2026-05-04
7006503,Priya Mensah,2026 May General,2026-05-05
7006507,Mei Nguyen,2026 May General,2026-05-06
7008556,Patricia Rodriguez,2026 May General,2026-05-04
7006508,Sofia Johnson,2026 May General,2026-05-04
7002413,Mei Davis,2026 May General,2026-05-05
7000367,Olivia Wilson,2026 May General,2026-05-04
7002418,Sofia Rossi,2026 May General,2026-05-06
7004468,Mateo Garcia,2026 May General,2026-05-06
7006519,Michael Lee,2026 May General,2026-05-04
7008571,Priya Johnson,2026 May General,2026-05-05
7002427,Jennifer Okafor,2026 May General,2026-05-04
7002429,Linda Hernandez,2026 May General,2026-05-05
7004478,Michael Davis,2026 May General,2026-05-06
7008575,Linda Anderson,2026 May General,2026-05-06
7004482,Carlos Nguyen,2026 May General,2026-05-04
7008578,Olivia Ali,2026 May General,2026-05-04
7002436,Wei Martinez,2026 May General,2026-05-06
7008582,Fatima Brown,2026 May General,2026-05-06
7002439,Mary Rossi,2026 May General,2026-05-05
7000392,Aisha Thomas,2026 May General,2026-05-05
7006537,Mary Okafor,2026 May General,2026-05-05
7000394,Priya Thomas,2026 May General,2026-05-04
7004491,Liam Davis,2026 May General,2026-05-04
7008588,Linda Khan,2026 May General,2026-05-06
7000399,Carlos Martinez,2026 May General,2026-05-05
7008592,Michael Rossi,2026 May General,2026-05-06
7002449,Fatima Park,2026 May General,2026-05-06
7006546,Patricia Martinez,2026 May General,2026-05-04
7002453,Michael Garcia,2026 May General,2026-05-04
7008599,Noah Wilson,2026 May General,2026-05-04
7002455,John Hernandez,2026 May General,2026-05-05
7004506,Mei Smith,2026 May General,2026-05-04
7002460,Sofia Hernandez,2026 May General,2026-05-04
7000413,Priya Mensah,2026 May General,2026-05-06
7004510,Aisha Smith,2026 May General,2026-05-06
7004513,Maria Park,2026 May General,2026-05-05
7000418,James Park,2026 May General,2026-05-05
7002469,Fatima Mensah,2026 May General,2026-05-05
7000422,Liam Mensah,2026 May General,2026-05-04
7004520,Patricia Park,2026 May General,2026-05-06
7008353,Ama Nguyen,2026 May General,2026-05-05
7004522,Liam Martinez,2026 May General,2026-05-06
7008618,Fatima Lee,2026 May General,2026-05-05
7000426,Yuki Patel,2026 May General,2026-05-04
7000429,Yuki Mensah,2026 May General,2026-05-04
7000433,Yuki Nguyen,2026 May General,2026-05-06
7004529,Mary Davis,2026 May General,2026-05-04
7002483,Patricia Khan,2026 May General,2026-05-05
7006579,Ama Davis,2026 May General,2026-05-04
7004533,Yuki Okafor,2026 May General,2026-05-06
7000438,Jose Brown,2026 May General,2026-05-05
7006583,Aisha Anderson,2026 May General,2026-05-06
7002487,Patricia Anderson,2026 May General,2026-05-04
7002490,Robert Rodriguez,2026 May General,2026-05-05
7004540,Yuki Anderson,2026 May General,2026-05-04
7000447,Maria Rodriguez,2026 May General,2026-05-05
7008642,Liam Thomas,2026 May General,2026-05-04
7008643,Mary Mensah,2026 May General,2026-05-04
7006595,Liam Ali,2026 May General,2026-05-06
7004551,Kofi Patel,2026 May General,2026-05-04
7008649,Noah Hernandez,2026 May General,2026-05-06
7004554,Omar Okafor,2026 May General,2026-05-05
7000459,Kofi Cohen,2026 May General,2026-05-04
7004557,Robert Mensah,2026 May General,2026-05-06
7004560,Mateo Garcia,2026 May General,2026-05-04
7002512,Sofia Rossi,2026 May General,2026-05-05
7004561,Yuki Rossi,2026 May General,2026-05-05
7002516,Raj Okafor,2026 May General,2026-05-04
7008661,Patricia Mensah,2026 May General,2026-05-06
7004567,Hana Lee,2026 May General,2026-05-04
7006623,Linda Rossi,2026 May General,2026-05-05
7000480,Mei Wang,2026 May General,2026-05-05
7008672,Mateo Anderson,2026 May General,2026-05-05
7008674,Mateo Khan,2026 May General,2026-05-04
7004578,Mary Martinez,2026 May General,2026-05-05
7006628,Linda Smith,2026 May General,2026-05-06
7004580,Elizabeth Nguyen,2026 May General,2026-05-05
7008678,Michael Lee,2026 May General,2026-05-05
7000487,Emma Anderson,2026 May General,2026-05-06
7006632,Hana Wilson,2026 May General,2026-05-04
7006626,Aisha Nguyen,2026 May General,2026-05-05
7002530,Elizabeth Anderson,2026 May General,2026-05-04
7002539,Mei Hernandez,2026 May General,2026-05-06
7006635,Robert Davis,2026 May General,2026-05-05
7002540,Michael Lee,2026 May General,2026-05-04
7008685,Jose Mensah,2026 May General,2026-05-06
7002543,Noah Martinez,2026 May General,2026-05-06
7002544,Priya Park,2026 May General,2026-05-04
7000496,Noah Wilson,2026 May General,2026-05-05
7000499,Raj Rossi,2026 May General,2026-05-05
7004597,Wei Mensah,2026 May General,2026-05-05
7002549,Wei Brown,2026 May General,2026-05-06
7004599,Kofi Cohen,2026 May General,2026-05-04
7002552,Fatima Khan,2026 May General,2026-05-04
7006650,Carlos Hernandez,2026 May General,2026-05-04
7002555,Jennifer Cohen,2026 May General,2026-05-05
7006654,Patricia Nguyen,2026 May General,2026-05-04
7006655,Emma Nguyen,2026 May General,2026-05-05
7000511,Yuki Wang,2026 May General,2026-05-04
7006659,Wei Martinez,2026 May General,2026-05-04
7000515,Maria Garcia,2026 May General,2026-05-06
7004301,Maria Ali,2026 May General,2026-05-05
7008711,David Park,2026 May General,2026-05-06
7006664,Liam Khan,2026 May General,2026-05-05
7000523,Aisha Cohen,2026 May General,2026-05-05
7002573,Mateo Khan,2026 May General,2026-05-04
7004622,Ama Ali,2026 May General,2026-05-04
7000525,Fatima Mensah,2026 May General,2026-05-05
7006672,John Smith,2026 May General,2026-05-06
7002577,Linda Okafor,2026 May General,2026-05-05
7008720,Raj Wilson,2026 May General,2026-05-04
7000530,Omar Smith,2026 May General,2026-05-04
7002581,Priya Brown,2026 May General,2026-05-05
7006679,Wei Lee,2026 May General,2026-05-04
7002584,James Patel,2026 May General,2026-05-05
7000537,Linda Cohen,2026 May General,2026-05-04
7006682,Noah Garcia,2026 May General,2026-05-05
7000541,Olivia Rodriguez,2026 May General,2026-05-04
7002591,Fatima Wilson,2026 May General,2026-05-05
7002592,Mary Ali,2026 May General,2026-05-06
7002594,Linda Smith,2026 May General,2026-05-06
7008738,Elizabeth Rossi,2026 May General,2026-05-04
7004642,Yuki Park,2026 May General,2026-05-04
7002597,Sofia Khan,2026 May General,2026-05-06
7004649,Omar Khan,2026 May General,2026-05-04
7002601,Omar Thomas,2026 May General,2026-05-05
7002605,Fatima Garcia,2026 May General,2026-05-05
7002608,Robert Cohen,2026 May General,2026-05-04
7006705,Aisha Thomas,2026 May General,2026-05-05
7006707,Wei Wang,2026 May General,2026-05-06
7000563,John Garcia,2026 May General,2026-05-04
7006709,Carlos Anderson,2026 May General,2026-05-06
7000567,Mei Rodriguez,2026 May General,2026-05-05
7002615,Yuki Rodriguez,2026 May General,2026-05-05
7008761,Mei Singh,2026 May General,2026-05-06
7004665,Mei Lee,2026 May General,2026-05-05
7000571,Liam Rossi,2026 May General,2026-05-04
7006714,Kofi Rossi,2026 May General,2026-05-05
7006720,Jose Patel,2026 May General,2026-05-05
7006723,Elizabeth Ali,2026 May General,2026-05-04
7008772,Priya Wang,2026 May General,2026-05-04
7006725,John Brown,2026 May General,2026-05-06
7004676,Michael Johnson,2026 May General,2026-05-05
7002632,Priya Thomas,2026 May General,2026-05-05
7004683,Olivia Cohen,2026 May General,2026-05-04
7000597,Ama Rodriguez,2026 May General,2026-05-06
7002646,Fatima Singh,2026 May General,2026-05-04
7002647,Fatima Rossi,2026 May General,2026-05-04
7002650,Priya Mensah,2026 May General,2026-05-06
7008795,John Brown,2026 May General,2026-05-05
7000604,Emma Ali,2026 May General,2026-05-04
7006746,Linda Lee,2026 May General,2026-05-04
7008802,Fatima Smith,2026 May General,2026-05-06
7002659,Sofia Brown,2026 May General,2026-05-05
7008805,Ama Park,2026 May General,2026-05-05
7006758,Yuki Lee,2026 May General,2026-05-04
7006759,Emma Anderson,2026 May General,2026-05-05
7000618,Olivia Rodriguez,2026 May General,2026-05-04
7000621,Maria Hernandez,2026 May General,2026-05-04
7008817,Kofi Rossi,2026 May General,2026-05-05
7000625,Mei Park,2026 May General,2026-05-05
7004721,Noah Wang,2026 May General,2026-05-05
7002677,Olivia Okafor,2026 May General,2026-05-05
7004725,Jose Khan,2026 May General,2026-05-04
7006775,John Johnson,2026 May General,2026-05-06
7000633,Mei Rodriguez,2026 May General,2026-05-06
7000635,Raj Martinez,2026 May General,2026-05-06
7000639,Noah Lee,2026 May General,2026-05-06
7008832,Wei Nguyen,2026 May General,2026-05-06
7004737,Mateo Thomas,2026 May General,2026-05-06
7000641,Sofia Garcia,2026 May General,2026-05-04
7000643,Fatima Okafor,2026 May General,2026-05-06
7000644,David Khan,2026 May General,2026-05-04
7008841,Raj Park,2026 May General,2026-05-04
7000651,Maria Rodriguez,2026 May General,2026-05-04
7006797,Sofia Johnson,2026 May General,2026-05-04
7004749,Mary Wilson,2026 May General,2026-05-04
7000655,Linda Martinez,2026 May General,2026-05-06
7002704,Maria Johnson,2026 May General,2026-05-05
7006798,Michael Park,2026 May General,2026-05-04
7000656,Priya Singh,2026 May General,2026-05-05
7006806,Aisha Davis,2026 May General,2026-05-06
7006807,Fatima Nguyen,2026 May General,2026-05-06
7002715,Sofia Martinez,2026 May General,2026-05-05
7002718,Jennifer Nguyen,2026 May General,2026-05-06
7000670,Ama Brown,2026 May General,2026-05-05
7002721,Mateo Khan,2026 May General,2026-05-04
7008866,Fatima Wilson,2026 May General,2026-05-05
7006821,Elizabeth Mensah,2026 May General,2026-05-04
7002727,John Wang,2026 May General,2026-05-05
7008874,Linda Lee,2026 May General,2026-05-06
7002730,Sofia Johnson,2026 May General,2026-05-06
7004779,Ama Khan,2026 May General,2026-05-05
7006826,Priya Rossi,2026 May General,2026-05-04
7006830,Michael Hernandez,2026 May General,2026-05-04
7002734,Patricia Garcia,2026 May General,2026-05-04
7008877,Noah Hernandez,2026 May General,2026-05-04
7006832,Wei Davis,2026 May General,2026-05-04
7004781,Aisha Rodriguez,2026 May General,2026-05-06
7004788,Linda Anderson,2026 May General,2026-05-04
7004791,Wei Martinez,2026 May General,2026-05-05
7002744,Noah Patel,2026 May General,2026-05-05
7008889,Omar Nguyen,2026 May General,2026-05-05
7004794,Omar Davis,2026 May General,2026-05-06
7004795,Mei Martinez,2026 May General,2026-05-05
7006844,Omar Rodriguez,2026 May General,2026-05-06
7008892,Jose Lee,2026 May General,2026-05-05
7004799,Aisha Park,2026 May General,2026-05-06
7004801,Noah Nguyen,2026 May General,2026-05-05
7006849,Linda Smith,2026 May General,2026-05-04
7008899,Omar Rodriguez,2026 May General,2026-05-05
7004805,Elizabeth Singh,2026 May General,2026-05-06
7008903,Yuki Nguyen,2026 May General,2026-05-06
7004810,David Smith,2026 May General,2026-05-06
7006859,Omar Wilson,2026 May General,2026-05-06
7008909,Kofi Davis,2026 May General,2026-05-06
7006863,David Rodriguez,2026 May General,2026-05-05
7000719,Hana Wang,2026 May General,2026-05-06
7006865,Mateo Singh,2026 May General,2026-05-05
7000724,Mary Martinez,2026 May General,2026-05-05
7006869,Jennifer Brown,2026 May General,2026-05-06
7002772,Ama Rodriguez,2026 May General,2026-05-05
7000727,Hana Singh,2026 May General,2026-05-06
7002776,Elizabeth Khan,2026 May General,2026-05-06
7004824,Mei Cohen,2026 May General,2026-05-06
7008920,Aisha Okafor,2026 May General,2026-05-05
7006878,Wei Wilson,2026 May General,2026-05-06
7000740,Sofia Mensah,2026 May General,2026-05-06
7006886,Patricia Cohen,2026 May General,2026-05-05
7006887,Emma Martinez,2026 May General,2026-05-05
7002796,James Martinez,2026 May General,2026-05-05
7006895,John Patel,2026 May General,2026-05-05
7004848,Aisha Garcia,2026 May General,2026-05-04
7008945,James Mensah,2026 May General,2026-05-06
7008946,Mateo Garcia,2026 May General,2026-05-04
7002799,Noah Wilson,2026 May General,2026-05-05
7004854,Elizabeth Patel,2026 May General,2026-05-05
7000758,Olivia Johnson,2026 May General,2026-05-06
7006905,Omar Khan,2026 May General,2026-05-04
7008954,Carlos Wang,2026 May General,2026-05-05
7008953,Raj Rossi,2026 May General,2026-05-05
7000762,Mei Park,2026 May General,2026-05-05
7002810,Fatima Hernandez,2026 May General,2026-05-04
7008958,Jennifer Nguyen,2026 May General,2026-05-06
7000768,Fatima Brown,2026 May General,2026-05-05
7006912,James Wang,2026 May General,2026-05-04
7004866,Patricia Hernandez,2026 May General,2026-05-04
7000771,Mary Singh,2026 May General,2026-05-04
7000772,Elizabeth Singh,2026 May General,2026-05-05
7002820,Aisha Wilson,2026 May General,2026-05-04
7004870,John Nguyen,2026 May General,2026-05-05
7004864,Wei Garcia,2026 May General,2026-05-04
7004872,Jennifer Lee,2026 May General,2026-05-05
7000777,Michael Rodriguez,2026 May General,2026-05-04
7006923,Carlos Singh,2026 May General,2026-05-05
7008973,Priya Hernandez,2026 May General,2026-05-04
7002832,Elizabeth Brown,2026 May General,2026-05-06
7000787,John Smith,2026 May General,2026-05-06
7008979,Sofia Rossi,2026 May General,2026-05-04
7006936,Hana Garcia,2026 May General,2026-05-06
7008985,Raj Mensah,2026 May General,2026-05-06
7008986,Ama Martinez,2026 May General,2026-05-06
7004891,Patricia Ali,2026 May General,2026-05-05
7002845,Patricia Thomas,2026 May General,2026-05-04
7004895,James Smith,2026 May General,2026-05-04
7000799,Robert Nguyen,2026 May General,2026-05-06
7002850,James Rossi,2026 May General,2026-05-06
7006949,Hana Thomas,2026 May General,2026-05-06
7000807,Emma Rossi,2026 May General,2026-05-05
7002857,Elizabeth Lee,2026 May General,2026-05-05
7002859,Olivia Cohen,2026 May General,2026-05-04
7000814,Hana Ali,2026 May General,2026-05-05
7009007,Mary Thomas,2026 May General,2026-05-05
7004912,Linda Okafor,2026 May General,2026-05-06
7002865,Liam Khan,2026 May General,2026-05-06
7006966,John Cohen,2026 May General,2026-05-06
7000823,Omar Smith,2026 May General,2026-05-04
7009015,Raj Singh,2026 May General,2026-05-04
7006970,Emma Cohen,2026 May General,2026-05-04
7000827,Patricia Park,2026 May General,2026-05-05
7000828,Linda Patel,2026 May General,2026-05-04
7002878,John Thomas,2026 May General,2026-05-04
7006976,Emma Park,2026 May General,2026-05-06
7002881,Hana Nguyen,2026 May General,2026-05-05
7000834,David Rodriguez,2026 May General,2026-05-04
7000835,Olivia Thomas,2026 May General,2026-05-04
7002884,Olivia Lee,2026 May General,2026-05-06
7004934,Aisha Wang,2026 May General,2026-05-06
7009032,Priya Brown,2026 May General,2026-05-06
7006985,Jose Wilson,2026 May General,2026-05-05
7004937,Wei Anderson,2026 May General,2026-05-05
7000847,Kofi Lee,2026 May General,2026-05-06
7009039,David Garcia,2026 May General,2026-05-05
7002897,Jennifer Johnson,2026 May General,2026-05-06
7006992,Jennifer Smith,2026 May General,2026-05-05
7009043,Yuki Brown,2026 May General,2026-05-06
7004946,Jennifer Johnson,2026 May General,2026-05-06
7006997,Jose Rossi,2026 May General,2026-05-05
7007000,Olivia Ali,2026 May General,2026-05-05
7009053,Michael Patel,2026 May General,2026-05-05
7009055,Mei Mensah,2026 May General,2026-05-04
7004960,Hana Davis,2026 May General,2026-05-06
7000864,Mary Singh,2026 May General,2026-05-04
7004963,Wei Rodriguez,2026 May General,2026-05-04
7000867,David Garcia,2026 May General,2026-05-04
7007013,Olivia Cohen,2026 May General,2026-05-05
7004966,Ama Nguyen,2026 May General,2026-05-04
7000872,David Khan,2026 May General,2026-05-06
7004971,Jose Hernandez,2026 May General,2026-05-05
7000876,Hana Wang,2026 May General,2026-05-05
7009068,Ama Smith,2026 May General,2026-05-04
7002923,Robert Mensah,2026 May General,2026-05-05
7009073,Jose Lee,2026 May General,2026-05-05
7000884,Aisha Mensah,2026 May General,2026-05-05
7007028,Fatima Garcia,2026 May General,2026-05-04
7004980,David Okafor,2026 May General,2026-05-06
7004987,Michael Patel,2026 May General,2026-05-05
7000893,Hana Nguyen,2026 May General,2026-05-06
7009085,Sofia Wilson,2026 May General,2026-05-04
7004996,Priya Anderson,2026 May General,2026-05-06
7002953,Raj Martinez,2026 May General,2026-05-06
7009097,Yuki Mensah,2026 May General,2026-05-05
7005003,Sofia Patel,2026 May General,2026-05-04
7009100,Mateo Brown,2026 May General,2026-05-04
7000909,Sofia Wang,2026 May General,2026-05-05
7000906,Olivia Wang,2026 May General,2026-05-04
7000912,Kofi Cohen,2026 May General,2026-05-05
7009105,Omar Brown,2026 May General,2026-05-05
7005010,Patricia Cohen,2026 May General,2026-05-05
7000917,Fatima Nguyen,2026 May General,2026-05-06
7005016,Emma Johnson,2026 May General,2026-05-05
7005017,John Wang,2026 May General,2026-05-05
7007067,Jose Khan,2026 May General,2026-05-04
7002972,Patricia Singh,2026 May General,2026-05-05
7002974,Patricia Johnson,2026 May General,2026-05-06
7009123,Hana Wang,2026 May General,2026-05-06
7007077,Kofi Ali,2026 May General,2026-05-04
7009126,Wei Park,2026 May General,2026-05-04
7009127,Aisha Hernandez,2026 May General,2026-05-05
7002982,Jose Lee,2026 May General,2026-05-04
7005032,Kofi Mensah,2026 May General,2026-05-06
7002986,Sofia Smith,2026 May General,2026-05-04
7007084,Elizabeth Wang,2026 May General,2026-05-06
7005036,Raj Mensah,2026 May General,2026-05-05
7005038,Wei Martinez,2026 May General,2026-05-05
7000943,Noah Thomas,2026 May General,2026-05-04
7009138,Maria Davis,2026 May General,2026-05-05
7000947,Sofia Rossi,2026 May General,2026-05-06
7002996,David Davis,2026 May General,2026-05-04
7005049,Fatima Wang,2026 May General,2026-05-06
7007099,Jennifer Smith,2026 May General,2026-05-05
7000955,Ama Lee,2026 May General,2026-05-04
7003004,Noah Rodriguez,2026 May General,2026-05-04
7005056,Michael Rossi,2026 May General,2026-05-06
7000962,Mary Smith,2026 May General,2026-05-05
7003013,Elizabeth Davis,2026 May General,2026-05-04
7009159,Elizabeth Cohen,2026 May General,2026-05-05
7003017,Jose Okafor,2026 May General,2026-05-05
7005066,Jennifer Davis,2026 May General,2026-05-06
7000971,Elizabeth Thomas,2026 May General,2026-05-06
7003024,Omar Ali,2026 May General,2026-05-04
7000978,Michael Johnson,2026 May General,2026-05-06
7007124,Wei Wang,2026 May General,2026-05-06
7005076,Priya Thomas,2026 May General,2026-05-05
7000983,Michael Khan,2026 May General,2026-05-04
7003034,Omar Lee,2026 May General,2026-05-04
7009182,Mary Lee,2026 May General,2026-05-05
7005089,David Lee,2026 May General,2026-05-06
7003043,Sofia Hernandez,2026 May General,2026-05-05
7007140,Maria Smith,2026 May General,2026-05-05
7009193,Mateo Thomas,2026 May General,2026-05-05
7005097,Ama Cohen,2026 May General,2026-05-06
7007146,Priya Khan,2026 May General,2026-05-04
7007149,Mary Patel,2026 May General,2026-05-04
7001006,John Brown,2026 May General,2026-05-05
7005106,James Mensah,2026 May General,2026-05-05
7007155,Jennifer Hernandez,2026 May General,2026-05-05
7009202,James Patel,2026 May General,2026-05-05
7001011,Mary Park,2026 May General,2026-05-06
7009205,Carlos Davis,2026 May General,2026-05-04
7009207,Carlos Garcia,2026 May General,2026-05-06
7005114,Mei Rossi,2026 May General,2026-05-06
7009212,Mary Okafor,2026 May General,2026-05-05
7001020,Linda Johnson,2026 May General,2026-05-04
7005118,Robert Hernandez,2026 May General,2026-05-04
7001023,Carlos Khan,2026 May General,2026-05-04
7009215,Fatima Brown,2026 May General,2026-05-05
7009219,Emma Martinez,2026 May General,2026-05-06
7007172,Aisha Nguyen,2026 May General,2026-05-04
7005125,Olivia Okafor,2026 May General,2026-05-04
7001033,Priya Thomas,2026 May General,2026-05-04
7005134,Sofia Mensah,2026 May General,2026-05-04
7003088,Noah Rodriguez,2026 May General,2026-05-05
7005137,Fatima Wilson,2026 May General,2026-05-04
7001044,Olivia Davis,2026 May General,2026-05-06
7009239,David Hernandez,2026 May General,2026-05-05
7007191,Mary Park,2026 May General,2026-05-06
7007194,Yuki Martinez,2026 May General,2026-05-04
7005148,Raj Martinez,2026 May General,2026-05-06
7007197,Emma Mensah,2026 May General,2026-05-06
7003101,Patricia Okafor,2026 May General,2026-05-05
7009245,Liam Garcia,2026 May General,2026-05-04
7003103,Elizabeth Mensah,2026 May General,2026-05-05
7007205,Mei Mensah,2026 May General,2026-05-04
7005158,James Okafor,2026 May General,2026-05-06
7007206,James Ali,2026 May General,2026-05-04
7007210,Liam Davis,2026 May General,2026-05-06
7003115,James Rodriguez,2026 May General,2026-05-04
7007212,Fatima Patel,2026 May General,2026-05-05
7009262,Wei Park,2026 May General,2026-05-06
7009263,Sofia Mensah,2026 May General,2026-05-06
7003120,Robert Wilson,2026 May General,2026-05-04
7009264,Jennifer Singh,2026 May General,2026-05-05
7007220,Priya Lee,2026 May General,2026-05-04
7005173,David Martinez,2026 May General,2026-05-05
7003130,Fatima Nguyen,2026 May General,2026-05-04
7007229,Aisha Wilson,2026 May General,2026-05-05
7003134,Patricia Johnson,2026 May General,2026-05-05
7009282,Kofi Khan,2026 May General,2026-05-05
7005190,Liam Patel,2026 May General,2026-05-04
7009296,Jennifer Khan,2026 May General,2026-05-06
7001106,Carlos Park,2026 May General,2026-05-05
7001111,Wei Singh,2026 May General,2026-05-05
7003160,Raj Singh,2026 May General,2026-05-04
7009304,Omar Thomas,2026 May General,2026-05-06
7009306,James Mensah,2026 May General,2026-05-04
7007258,Emma Ali,2026 May General,2026-05-04
7007255,Mary Lee,2026 May General,2026-05-04
7001117,Liam Smith,2026 May General,2026-05-05
7005209,Michael Lee,2026 May General,2026-05-04
7007262,Mary Brown,2026 May General,2026-05-04
7009312,Yuki Khan,2026 May General,2026-05-05
7001121,Priya Ali,2026 May General,2026-05-05
7007265,Jennifer Mensah,2026 May General,2026-05-06
7007259,Mary Smith,2026 May General,2026-05-06
7007268,Olivia Smith,2026 May General,2026-05-04
7003173,Michael Rodriguez,2026 May General,2026-05-06
7009319,Michael Wilson,2026 May General,2026-05-06
7005223,Hana Rossi,2026 May General,2026-05-04
7003176,Liam Johnson,2026 May General,2026-05-05
7001133,Wei Brown,2026 May General,2026-05-06
7003182,Liam Rossi,2026 May General,2026-05-04
7009327,Sofia Rodriguez,2026 May General,2026-05-04
7001136,Wei Singh,2026 May General,2026-05-04
7005231,Noah Rodriguez,2026 May General,2026-05-06
7009332,James Nguyen,2026 May General,2026-05-05
7001143,Wei Park,2026 May General,2026-05-04
7003193,Noah Wang,2026 May General,2026-05-06
7005243,Emma Rossi,2026 May General,2026-05-06
7009339,Ama Rossi,2026 May General,2026-05-04
7001150,Patricia Johnson,2026 May General,2026-05-04
7005247,Olivia Singh,2026 May General,2026-05-06
7007297,Noah Davis,2026 May General,2026-05-05
7007298,Hana Johnson,2026 May General,2026-05-06
7009351,Sofia Khan,2026 May General,2026-05-06
7001159,Hana Davis,2026 May General,2026-05-06
7007303,Mateo Mensah,2026 May General,2026-05-06
7001162,Robert Rodriguez,2026 May General,2026-05-05
7007307,Olivia Khan,2026 May General,2026-05-04
7005260,Jennifer Wang,2026 May General,2026-05-05
7009358,Liam Davis,2026 May General,2026-05-04
7005269,Carlos Smith,2026 May General,2026-05-06
7001175,Hana Singh,2026 May General,2026-05-04
7009369,Noah Nguyen,2026 May General,2026-05-05
7007321,Fatima Wang,2026 May General,2026-05-06
7005275,Mateo Cohen,2026 May General,2026-05-06
7009373,Michael Nguyen,2026 May General,2026-05-04
7003230,Kofi Rossi,2026 May General,2026-05-06
7005279,Olivia Cohen,2026 May General,2026-05-06
7009376,Sofia Mensah,2026 May General,2026-05-06
7005280,John Rossi,2026 May General,2026-05-06
7005282,Jennifer Anderson,2026 May General,2026-05-05
7001181,Aisha Cohen,2026 May General,2026-05-06
7009379,Wei Hernandez,2026 May General,2026-05-06
7005286,Jennifer Martinez,2026 May General,2026-05-04
7001191,Ama Wilson,2026 May General,2026-05-05
7001194,Kofi Park,2026 May General,2026-05-04
7003243,Kofi Nguyen,2026 May General,2026-05-06
7005291,Mei Brown,2026 May General,2026-05-06
7005294,Maria Johnson,2026 May General,2026-05-04
7001202,Jennifer Smith,2026 May General,2026-05-04
7003251,Mei Martinez,2026 May General,2026-05-04
7005299,Priya Park,2026 May General,2026-05-04
7003253,Carlos Patel,2026 May General,2026-05-04
7001206,Priya Patel,2026 May General,2026-05-06
7009399,Wei Mensah,2026 May General,2026-05-05
7003257,Mary Anderson,2026 May General,2026-05-05
7009402,Maria Anderson,2026 May General,2026-05-05
7005306,Mary Khan,2026 May General,2026-05-04
7001212,Elizabeth Rossi,2026 May General,2026-05-04
7001213,Liam Smith,2026 May General,2026-05-04
7009405,Linda Wang,2026 May General,2026-05-04
7005311,Emma Patel,2026 May General,2026-05-04
7003264,Yuki Anderson,2026 May General,2026-05-05
7009411,Elizabeth Davis,2026 May General,2026-05-06
7001222,Hana Mensah,2026 May General,2026-05-05
7005319,Wei Cohen,2026 May General,2026-05-06
7007370,Mary Lee,2026 May General,2026-05-05
7007373,Elizabeth Martinez,2026 May General,2026-05-06
7001229,Linda Hernandez,2026 May General,2026-05-06
7009423,Omar Patel,2026 May General,2026-05-04
7001236,Elizabeth Thomas,2026 May General,2026-05-05
7005335,Michael Nguyen,2026 May General,2026-05-04
7003291,Raj Martinez,2026 May General,2026-05-04
7009440,Aisha Garcia,2026 May General,2026-05-06
7001252,Sofia Park,2026 May General,2026-05-05
7005350,Aisha Mensah,2026 May General,2026-05-04
7003305,John Thomas,2026 May General,2026-05-05
7005354,John Okafor,2026 May General,2026-05-04
7003308,Patricia Cohen,2026 May General,2026-05-06
7007405,Mary Lee,2026 May General,2026-05-04
7009453,Patricia Nguyen,2026 May General,2026-05-04
7003310,Kofi Nguyen,2026 May General,2026-05-04
7001262,Fatima Wang,2026 May General,2026-05-06
7009457,John Mensah,2026 May General,2026-05-05
7009458,Ama Wilson,2026 May General,2026-05-05
7001268,Mateo Thomas,2026 May General,2026-05-05
7001271,Mateo Wilson,2026 May General,2026-05-05
7007416,Noah Johnson,2026 May General,2026-05-05
7001274,Hana Wilson,2026 May General,2026-05-04
7009468,James Martinez,2026 May General,2026-05-04
7005373,Hana Martinez,2026 May General,2026-05-05
7007421,Jennifer Rossi,2026 May General,2026-05-06
7003327,Mateo Martinez,2026 May General,2026-05-05
7003328,Wei Rodriguez,2026 May General,2026-05-05
7003329,Aisha Thomas,2026 May General,2026-05-04
7005374,Carlos Singh,2026 May General,2026-05-05
7007427,Maria Brown,2026 May General,2026-05-05
7003333,James Rossi,2026 May General,2026-05-06
7003334,Priya Okafor,2026 May General,2026-05-05
7007431,Wei Singh,2026 May General,2026-05-04
7003336,Carlos Anderson,2026 May General,2026-05-04
7005385,Linda Hernandez,2026 May General,2026-05-06
7009481,Mateo Davis,2026 May General,2026-05-05
7001291,Mateo Thomas,2026 May General,2026-05-06
7001290,Linda Lee,2026 May General,2026-05-05
7009485,Maria Patel,2026 May General,2026-05-04
7009486,Patricia Rodriguez,2026 May General,2026-05-06
7009484,David Anderson,2026 May General,2026-05-06
7003342,Sofia Johnson,2026 May General,2026-05-06
7009489,Patricia Khan,2026 May General,2026-05-05
7007441,Aisha Mensah,2026 May General,2026-05-05
7009491,James Brown,2026 May General,2026-05-04
7009492,Noah Okafor,2026 May General,2026-05-04
7001301,Noah Cohen,2026 May General,2026-05-04
7007444,Linda Davis,2026 May General,2026-05-05
7007447,Emma Rossi,2026 May General,2026-05-06
7001303,Liam Anderson,2026 May General,2026-05-04
7007449,Mei Davis,2026 May General,2026-05-04
7005402,Robert Martinez,2026 May General,2026-05-04
7001307,Fatima Patel,2026 May General,2026-05-05
7001304,James Cohen,2026 May General,2026-05-04
7005403,Linda Anderson,2026 May General,2026-05-05
7005410,Ama Ali,2026 May General,2026-05-06
7009514,Michael Mensah,2026 May General,2026-05-05
7003370,Mateo Thomas,2026 May General,2026-05-06
7009521,Mary Brown,2026 May General,2026-05-06
7001330,John Anderson,2026 May General,2026-05-05
7007474,Noah Thomas,2026 May General,2026-05-05
7009527,Jennifer Brown,2026 May General,2026-05-06
7001335,Hana Singh,2026 May General,2026-05-04
7007482,Mary Park,2026 May General,2026-05-05
7003391,Sofia Wang,2026 May General,2026-05-04
7003394,Wei Wang,2026 May General,2026-05-06
7003395,Priya Martinez,2026 May General,2026-05-06
7005448,Yuki Rodriguez,2026 May General,2026-05-05
7001352,Raj Singh,2026 May General,2026-05-05
7007501,John Okafor,2026 May General,2026-05-05
7003406,Mary Park,2026 May General,2026-05-05
7001360,James Wang,2026 May General,2026-05-05
7009553,Mary Johnson,2026 May General,2026-05-04
7007508,Liam Patel,2026 May General,2026-05-06
7001368,Carlos Brown,2026 May General,2026-05-04
7007513,Sofia Singh,2026 May General,2026-05-04
7009561,Hana Hernandez,2026 May General,2026-05-05
7001370,Mary Patel,2026 May General,2026-05-05
7005464,Mateo Hernandez,2026 May General,2026-05-06
7007517,Liam Singh,2026 May General,2026-05-05
7003424,Raj Wang,2026 May General,2026-05-04
7005473,Jennifer Thomas,2026 May General,2026-05-04
7005475,Ama Mensah,2026 May General,2026-05-04
7005477,James Brown,2026 May General,2026-05-06
7003429,Mateo Nguyen,2026 May General,2026-05-05
7001383,Emma Rodriguez,2026 May General,2026-05-06
7005482,Priya Lee,2026 May General,2026-05-06
7007531,Michael Johnson,2026 May General,2026-05-06
7009580,David Nguyen,2026 May General,2026-05-06
7001390,Mei Anderson,2026 May General,2026-05-04
7001392,Omar Khan,2026 May General,2026-05-06
7007538,Emma Rodriguez,2026 May General,2026-05-06
7009588,James Singh,2026 May General,2026-05-04
7005493,Michael Wilson,2026 May General,2026-05-05
7001399,Liam Wang,2026 May General,2026-05-04
7007545,Raj Garcia,2026 May General,2026-05-04
7001403,Elizabeth Garcia,2026 May General,2026-05-06
7003452,Wei Wilson,2026 May General,2026-05-05
7009597,Raj Nguyen,2026 May General,2026-05-05
7003451,Mei Mensah,2026 May General,2026-05-06
7007547,Jose Garcia,2026 May General,2026-05-04
7009602,Olivia Khan,2026 May General,2026-05-06
7003459,Elizabeth Rodriguez,2026 May General,2026-05-04
7001410,Jennifer Rossi,2026 May General,2026-05-06
7009605,Fatima Khan,2026 May General,2026-05-06
7005510,David Hernandez,2026 May General,2026-05-04
7003463,Elizabeth Davis,2026 May General,2026-05-04
7009608,Linda Ali,2026 May General,2026-05-06
7003461,Emma Park,2026 May General,2026-05-06
7001418,Omar Thomas,2026 May General,2026-05-05
7007557,Sofia Ali,2026 May General,2026-05-06
7009614,Mateo Okafor,2026 May General,2026-05-04
7001424,David Garcia,2026 May General,2026-05-05
7005520,Kofi Rodriguez,2026 May General,2026-05-06
7005523,Mary Okafor,2026 May General,2026-05-06
7003477,Sofia Rossi,2026 May General,2026-05-06
7001430,James Nguyen,2026 May General,2026-05-05
7001431,Michael Hernandez,2026 May General,2026-05-04
7005528,Mei Martinez,2026 May General,2026-05-06
7009626,Aisha Park,2026 May General,2026-05-04
7001437,Noah Khan,2026 May General,2026-05-05
7005535,Kofi Singh,2026 May General,2026-05-05
7001440,Aisha Anderson,2026 May General,2026-05-05
7005536,Elizabeth Mensah,2026 May General,2026-05-04
7009634,Mei Smith,2026 May General,2026-05-05
7005538,Elizabeth Garcia,2026 May General,2026-05-04
7007583,Raj Martinez,2026 May General,2026-05-04
7003495,Emma Wang,2026 May General,2026-05-05
7005546,Mateo Anderson,2026 May General,2026-05-05
7003499,Noah Anderson,2026 May General,2026-05-04
7001451,Ama Brown,2026 May General,2026-05-04
7009645,James Thomas,2026 May General,2026-05-05
7007600,Sofia Khan,2026 May General,2026-05-04
7007601,John Park,2026 May General,2026-05-06
7009650,Michael Anderson,2026 May General,2026-05-05
7003507,Ama Khan,2026 May General,2026-05-04
7005554,Liam Rossi,2026 May General,2026-05-04
7003509,John Park,2026 May General,2026-05-06
7007602,Kofi Brown,2026 May General,2026-05-06
7005559,Liam Khan,2026 May General,2026-05-06
7001463,Jennifer Ali,2026 May General,2026-05-05
7009657,Mei Nguyen,2026 May General,2026-05-04
7005565,Omar Lee,2026 May General,2026-05-05
7005569,Priya Ali,2026 May General,2026-05-05
7005570,Kofi Okafor,2026 May General,2026-05-05
7009667,Mei Rodriguez,2026 May General,2026-05-05
7001476,Mei Smith,2026 May General,2026-05-06
7003525,Priya Martinez,2026 May General,2026-05-06
7009668,Raj Nguyen,2026 May General,2026-05-04
7009671,Linda Garcia,2026 May General,2026-05-04
7005575,Kofi Cohen,2026 May General,2026-05-04
7007625,Emma Lee,2026 May General,2026-05-04
7007627,Patricia Nguyen,2026 May General,2026-05-05
7009675,Olivia Wilson,2026 May General,2026-05-06
7001485,Jose Lee,2026 May General,2026-05-06
7009677,Elizabeth Lee,2026 May General,2026-05-06
7009680,Carlos Johnson,2026 May General,2026-05-06
7003538,Fatima Wilson,2026 May General,2026-05-04
7005586,Hana Garcia,2026 May General,2026-05-04
7009684,Liam Park,2026 May General,2026-05-06
7009685,Jose Smith,2026 May General,2026-05-05
7001494,Maria Wang,2026 May General,2026-05-06
7009687,Carlos Davis,2026 May General,2026-05-05
7003543,Patricia Okafor,2026 May General,2026-05-06
7005589,Jennifer Wilson,2026 May General,2026-05-04
7001498,Carlos Singh,2026 May General,2026-05-05
7007643,Robert Smith,2026 May General,2026-05-05
7009690,Noah Martinez,2026 May General,2026-05-06
7007647,Jose Thomas,2026 May General,2026-05-05
7001503,David Rossi,2026 May General,2026-05-05
7009697,Olivia Khan,2026 May General,2026-05-04
7007650,James Smith,2026 May General,2026-05-05
7005601,Ama Martinez,2026 May General,2026-05-04
7007651,Patricia Cohen,2026 May General,2026-05-05
7001506,Jose Lee,2026 May General,2026-05-06
7009702,Mary Brown,2026 May General,2026-05-06
7007654,Mei Wang,2026 May General,2026-05-05
7009704,James Nguyen,2026 May General,2026-05-04
7003554,Hana Ali,2026 May General,2026-05-05
7007658,Jennifer Hernandez,2026 May General,2026-05-04
7009708,John Singh,2026 May General,2026-05-05
7007662,Michael Singh,2026 May General,2026-05-04
7001519,Robert Davis,2026 May General,2026-05-05
7001520,Carlos Hernandez,2026 May General,2026-05-04
7007670,James Wang,2026 May General,2026-05-05
7009718,Yuki Martinez,2026 May General,2026-05-05
7005622,Kofi Brown,2026 May General,2026-05-06
7007672,Hana Lee,2026 May General,2026-05-04
7001527,Aisha Rossi,2026 May General,2026-05-06
7003579,Sofia Cohen,2026 May General,2026-05-06
7001533,Wei Khan,2026 May General,2026-05-05
7009728,Liam Wilson,2026 May General,2026-05-04
7003586,Olivia Khan,2026 May General,2026-05-06
7005635,David Wang,2026 May General,2026-05-04
7007682,Omar Mensah,2026 May General,2026-05-05
7009733,Omar Hernandez,2026 May General,2026-05-04
7009732,Jennifer Singh,2026 May General,2026-05-05
7005640,Linda Thomas,2026 May General,2026-05-06
7009738,Omar Johnson,2026 May General,2026-05-04
7009741,Omar Park,2026 May General,2026-05-04
7007699,Carlos Singh,2026 May General,2026-05-05
7005651,Priya Khan,2026 May General,2026-05-06
7001557,John Mensah,2026 May General,2026-05-04
7007700,Mei Rodriguez,2026 May General,2026-05-05
7003608,Ama Mensah,2026 May General,2026-05-05
7001560,Fatima Mensah,2026 May General,2026-05-06
7007708,Linda Patel,2026 May General,2026-05-04
7005662,Kofi Ali,2026 May General,2026-05-04
7007712,Mateo Singh,2026 May General,2026-05-06
7009762,Linda Khan,2026 May General,2026-05-05
7001573,Kofi Rossi,2026 May General,2026-05-06
7003622,Patricia Lee,2026 May General,2026-05-06
7005671,Carlos Johnson,2026 May General,2026-05-05
7005673,Robert Park,2026 May General,2026-05-05
7009770,Emma Khan,2026 May General,2026-05-05
7007723,Carlos Mensah,2026 May General,2026-05-06
7005676,Priya Cohen,2026 May General,2026-05-04
7001580,Ama Martinez,2026 May General,2026-05-06
7007724,Robert Ali,2026 May General,2026-05-05
7007727,Patricia Wilson,2026 May General,2026-05-04
7009769,Jennifer Thomas,2026 May General,2026-05-05
7003630,David Martinez,2026 May General,2026-05-06
7009778,Jose Patel,2026 May General,2026-05-06
7005682,James Davis,2026 May General,2026-05-04
7007732,Linda Thomas,2026 May General,2026-05-06
7009789,Jennifer Rodriguez,2026 May General,2026-05-05
7007742,Hana Rodriguez,2026 May General,2026-05-06
7003645,Olivia Park,2026 May General,2026-05-06
7003648,James Park,2026 May General,2026-05-05
7001601,Mateo Thomas,2026 May General,2026-05-05
7007746,Omar Thomas,2026 May General,2026-05-06
7009795,Wei Hernandez,2026 May General,2026-05-04
7003655,Fatima Wang,2026 May General,2026-05-05
7009802,Linda Johnson,2026 May General,2026-05-04
7005706,Noah Garcia,2026 May General,2026-05-05
7005707,Robert Martinez,2026 May General,2026-05-06
7001615,David Hernandez,2026 May General,2026-05-04
7009808,Olivia Ali,2026 May General,2026-05-05
7003665,Sofia Smith,2026 May General,2026-05-06
7009810,Patricia Ali,2026 May General,2026-05-05
7005717,Robert Khan,2026 May General,2026-05-04
7003670,Yuki Singh,2026 May General,2026-05-04
7009814,Emma Brown,2026 May General,2026-05-04
7001622,Aisha Khan,2026 May General,2026-05-06
7003676,Liam Mensah,2026 May General,2026-05-04
7001629,Aisha Rodriguez,2026 May General,2026-05-04
7005726,Maria Singh,2026 May General,2026-05-06
7009824,Omar Ali,2026 May General,2026-05-06
7007777,Mei Ali,2026 May General,2026-05-05
7003682,Wei Patel,2026 May General,2026-05-05
7005731,Fatima Martinez,2026 May General,2026-05-06
7009827,Maria Brown,2026 May General,2026-05-06
7003684,Mary Davis,2026 May General,2026-05-04
7007782,Yuki Park,2026 May General,2026-05-04
7003686,Olivia Patel,2026 May General,2026-05-05
7009832,Fatima Martinez,2026 May General,2026-05-04
7003689,David Patel,2026 May General,2026-05-05
7009842,Robert Cohen,2026 May General,2026-05-06
7007795,Sofia Thomas,2026 May General,2026-05-06
7003699,Jose Rossi,2026 May General,2026-05-04
7005748,Sofia Smith,2026 May General,2026-05-05
7005750,James Rossi,2026 May General,2026-05-05
7003703,Aisha Lee,2026 May General,2026-05-05
7003705,Linda Garcia,2026 May General,2026-05-06
7007802,Mei Wilson,2026 May General,2026-05-05
7007803,Mary Park,2026 May General,2026-05-06
7009850,Noah Mensah,2026 May General,2026-05-05
7001664,David Ali,2026 May General,2026-05-06
7003712,Priya Rossi,2026 May General,2026-05-06
7001666,John Patel,2026 May General,2026-05-05
7009858,Mary Davis,2026 May General,2026-05-05
7001665,Jennifer Wang,2026 May General,2026-05-04
7005765,Robert Thomas,2026 May General,2026-05-05
7009859,Kofi Brown,2026 May General,2026-05-05
7005763,Hana Lee,2026 May General,2026-05-06
7003721,Wei Khan,2026 May General,2026-05-05
7009865,Sofia Smith,2026 May General,2026-05-06
7005771,Elizabeth Patel,2026 May General,2026-05-06
7005772,Patricia Lee,2026 May General,2026-05-05
7001677,Patricia Singh,2026 May General,2026-05-05
7009869,Emma Wilson,2026 May General,2026-05-05
7003727,Elizabeth Okafor,2026 May General,2026-05-05
7009876,Priya Nguyen,2026 May General,2026-05-05
7005780,Robert Ali,2026 May General,2026-05-06
7001686,Kofi Okafor,2026 May General,2026-05-05
7000057,Linda Garcia,2026 May General,2026-05-06
7009889,Noah Anderson,2026 May General,2026-05-06
7003748,James Wang,2026 May General,2026-05-04
7007845,Omar Smith,2026 May General,2026-05-06
7001704,Kofi Rossi,2026 May General,2026-05-06
7005801,Wei Mensah,2026 May General,2026-05-04
7009897,Robert Lee,2026 May General,2026-05-04
7007849,Liam Patel,2026 May General,2026-05-06
7003757,Yuki Patel,2026 May General,2026-05-05
7003758,Maria Anderson,2026 May General,2026-05-05
7007855,James Smith,2026 May General,2026-05-04
7003761,Jose Nguyen,2026 May General,2026-05-06
7005809,Maria Martinez,2026 May General,2026-05-04
7009908,Olivia Cohen,2026 May General,2026-05-06
7005812,Kofi Ali,2026 May General,2026-05-05
7007863,Carlos Wilson,2026 May General,2026-05-06
7001720,Raj Nguyen,2026 May General,2026-05-05
7009921,Maria Thomas,2026 May General,2026-05-06
7009922,James Rossi,2026 May General,2026-05-04
7009923,Omar Rodriguez,2026 May General,2026-05-06
7003780,Mateo Smith,2026 May General,2026-05-04
7007877,Yuki Rossi,2026 May General,2026-05-06
7005825,Hana Mensah,2026 May General,2026-05-06
7003783,Mei Singh,2026 May General,2026-05-04
7001730,Kofi Patel,2026 May General,2026-05-06
7003785,Omar Ali,2026 May General,2026-05-04
7005836,Noah Smith,2026 May General,2026-05-05
7009935,Wei Johnson,2026 May General,2026-05-05
7005840,Ama Thomas,2026 May General,2026-05-05
7005843,Raj Hernandez,2026 May General,2026-05-04
7009941,Jennifer Ali,2026 May General,2026-05-04
7009943,Noah Patel,2026 May General,2026-05-04
7005847,Linda Patel,2026 May General,2026-05-05
7001754,Maria Rodriguez,2026 May General,2026-05-05
7005851,Fatima Johnson,2026 May General,2026-05-04
7009948,Emma Wang,2026 May General,2026-05-05
7001757,Maria Rossi,2026 May General,2026-05-04
7003803,Liam Khan,2026 May General,2026-05-05
7009946,Ama Wang,2026 May General,2026-05-04
7009952,Wei Brown,2026 May General,2026-05-06
7001760,Mateo Mensah,2026 May General,2026-05-06
7003810,Carlos Okafor,2026 May General,2026-05-04
7007905,Olivia Garcia,2026 May General,2026-05-06
7009956,Wei Anderson,2026 May General,2026-05-04
7005860,Raj Davis,2026 May General,2026-05-06
7003814,Liam Wilson,2026 May General,2026-05-06
7001765,Liam Cohen,2026 May General,2026-05-05
7009966,Mateo Wilson,2026 May General,2026-05-06
7005870,Sofia Anderson,2026 May General,2026-05-04
7003832,Mary Patel,2026 May General,2026-05-05
7003833,Sofia Ali,2026 May General,2026-05-06
7001785,Emma Patel,2026 May General,2026-05-04
7001789,David Hernandez,2026 May General,2026-05-06
7001793,Hana Brown,2026 May General,2026-05-04
7005899,John Mensah,2026 May General,2026-05-05
7001805,Wei Wilson,2026 May General,2026-05-05
7001806,Hana Okafor,2026 May General,2026-05-04
7005903,Kofi Nguyen,2026 May General,2026-05-04
7005904,Elizabeth Cohen,2026 May General,2026-05-05
7001809,Ama Okafor,2026 May General,2026-05-06
7007953,Sofia Johnson,2026 May General,2026-05-05
7007955,Olivia Singh,2026 May General,2026-05-05
7003855,Priya Johnson,2026 May General,2026-05-05
7003865,Patricia Nguyen,2026 May General,2026-05-04
7005914,Olivia Smith,2026 May General,2026-05-06
7007962,Yuki Rossi,2026 May General,2026-05-06
7001824,Mary Patel,2026 May General,2026-05-04
7005920,Jose Martinez,2026 May General,2026-05-06
7007970,Aisha Garcia,2026 May General,2026-05-06
7005923,Olivia Rodriguez,2026 May General,2026-05-04
7001830,Yuki Patel,2026 May General,2026-05-04
7003879,Linda Patel,2026 May General,2026-05-06
7007976,John Garcia,2026 May General,2026-05-06
7007980,Jennifer Okafor,2026 May General,2026-05-05
7001840,James Thomas,2026 May General,2026-05-04
7007985,Aisha Wilson,2026 May General,2026-05-05
7001842,Robert Thomas,2026 May General,2026-05-04
7003891,Fatima Patel,2026 May General,2026-05-06
7003892,Emma Cohen,2026 May General,2026-05-06
7003895,Maria Brown,2026 May General,2026-05-05
7007991,Aisha Johnson,2026 May General,2026-05-05
7003897,Yuki Martinez,2026 May General,2026-05-04
7007993,Robert Cohen,2026 May General,2026-05-04
7001849,Robert Garcia,2026 May General,2026-05-06
7003345,Olivia Davis,2026 May General,2026-05-04
7005949,Maria Wilson,2026 May General,2026-05-06
7003344,Sofia Singh,2026 May General,2026-05-05
7005956,Priya Lee,2026 May General,2026-05-04
7008005,Carlos Patel,2026 May General,2026-05-04
7008008,Omar Wilson,2026 May General,2026-05-06
7005960,Maria Lee,2026 May General,2026-05-05
7001866,Olivia Patel,2026 May General,2026-05-04
7005963,Noah Ali,2026 May General,2026-05-06
7003916,Patricia Park,2026 May General,2026-05-05
7008013,Priya Patel,2026 May General,2026-05-05
7003921,Elizabeth Nguyen,2026 May General,2026-05-05
7003923,Sofia Cohen,2026 May General,2026-05-04
7008019,David Wang,2026 May General,2026-05-06
7003925,Linda Smith,2026 May General,2026-05-06
7005971,Ama Lee,2026 May General,2026-05-05
7008027,Mei Nguyen,2026 May General,2026-05-05
7005987,James Nguyen,2026 May General,2026-05-05
7001893,John Patel,2026 May General,2026-05-06
7001894,Ama Singh,2026 May General,2026-05-04
7003944,Priya Cohen,2026 May General,2026-05-04
7003945,Mei Martinez,2026 May General,2026-05-05
7004575,Liam Davis,2026 May General,2026-05-06
7005995,Mateo Wilson,2026 May General,2026-05-06
7008047,Hana Park,2026 May General,2026-05-05
7001904,Noah Hernandez,2026 May General,2026-05-06
7003955,Liam Ali,2026 May General,2026-05-06
7008051,Sofia Davis,2026 May General,2026-05-06
7006003,Mei Davis,2026 May General,2026-05-04
7003958,Sofia Rossi,2026 May General,2026-05-04
7008056,Robert Davis,2026 May General,2026-05-05
7006010,Mei Singh,2026 May General,2026-05-05
7001916,Emma Hernandez,2026 May General,2026-05-04
7003965,Emma Wang,2026 May General,2026-05-04
7008062,Ama Martinez,2026 May General,2026-05-04
7003969,John Wang,2026 May General,2026-05-05
7008065,Liam Khan,2026 May General,2026-05-05
7006019,Liam Martinez,2026 May General,2026-05-05
7008067,Patricia Wang,2026 May General,2026-05-06
7003977,Omar Nguyen,2026 May General,2026-05-04
7003983,Omar Davis,2026 May General,2026-05-06
7006032,Emma Singh,2026 May General,2026-05-05
7007432,Fatima Johnson,2026 May General,2026-05-06
7006036,Aisha Brown,2026 May General,2026-05-04
7003990,Carlos Smith,2026 May General,2026-05-05
7008089,Liam Wang,2026 May General,2026-05-05
7001945,James Rossi,2026 May General,2026-05-04
7001948,Jennifer Okafor,2026 May General,2026-05-05
7008094,Patricia Anderson,2026 May General,2026-05-06
7001951,Yuki Cohen,2026 May General,2026-05-05
7001952,Wei Lee,2026 May General,2026-05-04
7006050,Emma Brown,2026 May General,2026-05-06
7006055,Kofi Nguyen,2026 May General,2026-05-04
7006060,Sofia Cohen,2026 May General,2026-05-04
7006062,Wei Rodriguez,2026 May General,2026-05-06
7006063,Patricia Smith,2026 May General,2026-05-04
7001970,Patricia Davis,2026 May General,2026-05-04
7004019,Ama Nguyen,2026 May General,2026-05-05
7006068,Noah Thomas,2026 May General,2026-05-06
7004024,Carlos Park,2026 May General,2026-05-06
7001977,Mateo Nguyen,2026 May General,2026-05-06
7001985,Mei Rodriguez,2026 May General,2026-05-04
7008133,Mateo Patel,2026 May General,2026-05-04
7008134,Jennifer Davis,2026 May General,2026-05-04
7001990,Maria Khan,2026 May General,2026-05-05
7008139,Patricia Park,2026 May General,2026-05-05
7006092,Linda Patel,2026 May General,2026-05-06
7004043,Raj Singh,2026 May General,2026-05-06
7008143,Robert Nguyen,2026 May General,2026-05-05
7004048,David Park,2026 May General,2026-05-04
7008145,Raj Rodriguez,2026 May General,2026-05-06
7002003,Priya Garcia,2026 May General,2026-05-05
7004056,Noah Smith,2026 May General,2026-05-05
7008154,Noah Hernandez,2026 May General,2026-05-06
7008155,Aisha Okafor,2026 May General,2026-05-06
7004060,Linda Khan,2026 May General,2026-05-04
7002012,Priya Okafor,2026 May General,2026-05-06
7002016,David Singh,2026 May General,2026-05-05
7004064,Omar Thomas,2026 May General,2026-05-06
7008163,Sofia Smith,2026 May General,2026-05-05
7004068,John Johnson,2026 May General,2026-05-06
7006120,Patricia Garcia,2026 May General,2026-05-05
7002026,Jose Garcia,2026 May General,2026-05-05
7008172,Robert Park,2026 May General,2026-05-04
7004076,Olivia Brown,2026 May General,2026-05-06
7008176,John Rossi,2026 May General,2026-05-04
7002033,Mei Davis,2026 May General,2026-05-05
7002034,Emma Anderson,2026 May General,2026-05-04
7006132,Elizabeth Mensah,2026 May General,2026-05-04
7008181,Emma Wilson,2026 May General,2026-05-06
7004090,Aisha Rodriguez,2026 May General,2026-05-04
7004092,Hana Rossi,2026 May General,2026-05-06
7002045,David Patel,2026 May General,2026-05-05
7006144,Fatima Khan,2026 May General,2026-05-04
7004097,Yuki Rossi,2026 May General,2026-05-05
7004096,Mary Patel,2026 May General,2026-05-04
7002049,John Singh,2026 May General,2026-05-05
7006148,Carlos Smith,2026 May General,2026-05-06
7002054,Fatima Davis,2026 May General,2026-05-05
7004102,Ama Okafor,2026 May General,2026-05-06
7002057,Wei Khan,2026 May General,2026-05-06
7004106,Aisha Khan,2026 May General,2026-05-05
7006155,Elizabeth Garcia,2026 May General,2026-05-05
7002060,Carlos Nguyen,2026 May General,2026-05-04
7004110,Fatima Smith,2026 May General,2026-05-04
7004112,Kofi Nguyen,2026 May General,2026-05-04
7008209,Wei Lee,2026 May General,2026-05-04
7000018,Mei Nguyen,2026 May General,2026-05-04
7006163,Mateo Rossi,2026 May General,2026-05-04
7000021,Priya Thomas,2026 May General,2026-05-04
7002072,Yuki Ali,2026 May General,2026-05-06
7002073,Noah Cohen,2026 May General,2026-05-05
7008221,Carlos Wilson,2026 May General,2026-05-05
7000029,Ama Singh,2026 May General,2026-05-05
7004126,Liam Hernandez,2026 May General,2026-05-05
7008224,Robert Johnson,2026 May General,2026-05-05
7000034,Omar Garcia,2026 May General,2026-05-05
7004131,Wei Johnson,2026 May General,2026-05-06
7006181,Noah Garcia,2026 May General,2026-05-06
7008231,Patricia Hernandez,2026 May General,2026-05-04
7002089,Carlos Anderson,2026 May General,2026-05-04
7002091,Jennifer Martinez,2026 May General,2026-05-04
7000044,David Cohen,2026 May General,2026-05-06
7002094,Michael Okafor,2026 May General,2026-05-04
7006191,Ama Rodriguez,2026 May General,2026-05-05
7004142,Sofia Patel,2026 May General,2026-05-06
7000049,Olivia Anderson,2026 May General,2026-05-04
7004146,Linda Wilson,2026 May General,2026-05-05
7002099,Jose Smith,2026 May General,2026-05-06
7000053,Emma Patel,2026 May General,2026-05-05
7002102,Jose Lee,2026 May General,2026-05-04
7006199,Mary Johnson,2026 May General,2026-05-04
7006201,Liam Thomas,2026 May General,2026-05-06
7008251,Raj Patel,2026 May General,2026-05-04
7004156,Noah Ali,2026 May General,2026-05-06
7004158,Kofi Cohen,2026 May General,2026-05-06
7006207,Fatima Anderson,2026 May General,2026-05-05
